Fecha,Demanda_MWh,Temp_C,EsFeriado,Precio_kWh,Lluvia_mm
2022-01-01,1586.7,16.1,1,0.179,0.8
2022-01-02,1721.3,19.6,0,0.178,2.1
2022-01-03,1957.5,19.4,0,0.18,1.1
2022-01-04,1734.9,15.1,0,0.182,1.3
2022-01-05,1762.3,15.8,0,0.181,0.0
2022-01-06,1697.4,15.3,0,0.181,0.0
2022-01-07,1872.7,18.2,0,0.184,0.7
2022-01-08,1614.5,16.8,0,0.183,0.0
2022-01-09,1849.1,18.9,0,0.181,0.0
2022-01-10,1437.9,12.6,0,0.182,0.3
2022-01-11,2005.8,21.2,0,0.182,2.2
2022-01-12,1856.2,17.2,0,0.184,0.0
2022-01-13,1895.8,19.3,0,0.181,7.2
2022-01-14,1950.6,17.4,0,0.184,0.0
2022-01-15,1669.2,16.9,0,0.186,0.0
2022-01-16,1880.9,19.1,0,0.184,3.1
2022-01-17,1995.9,20.2,0,0.183,2.0
2022-01-18,1954.5,17.7,0,0.183,3.1
2022-01-19,1942.0,18.0,0,0.185,0.0
2022-01-20,2056.7,20.2,0,0.186,0.0
2022-01-21,1938.3,16.5,0,0.187,1.9
2022-01-22,1592.4,15.0,0,0.185,7.5
2022-01-23,1849.4,19.9,0,0.182,0.4
2022-01-24,2042.1,17.4,0,0.188,2.3
2022-01-25,1722.3,14.4,0,0.186,0.8
2022-01-26,2046.9,17.3,0,0.186,1.6
2022-01-27,1960.4,18.3,0,0.185,0.0
2022-01-28,1876.8,16.6,0,0.183,0.0
2022-01-29,1605.3,16.0,0,0.184,2.8
2022-01-30,1813.7,20.0,0,0.185,10.6
2022-01-31,1958.4,22.2,0,0.186,0.0
2022-02-01,2001.4,19.6,0,0.184,0.0
2022-02-02,2044.3,18.4,0,0.178,1.9
2022-02-03,2064.3,21.4,0,0.183,0.4
2022-02-04,2035.6,22.3,0,0.184,0.0
2022-02-05,1819.1,19.9,0,0.186,5.0
2022-02-06,1865.1,22.2,0,0.184,0.0
2022-02-07,1979.0,23.6,0,0.188,0.0
2022-02-08,1994.3,20.6,0,0.185,0.0
2022-02-09,2158.7,19.2,0,0.185,2.8
2022-02-10,2097.0,22.2,0,0.184,2.8
2022-02-11,2030.8,22.1,0,0.179,0.4
2022-02-12,1929.6,24.4,0,0.183,0.0
2022-02-13,1947.0,18.6,0,0.182,6.9
2022-02-14,2035.0,20.3,0,0.179,5.1
2022-02-15,2064.5,19.9,0,0.181,1.2
2022-02-16,1932.2,17.8,0,0.18,0.0
2022-02-17,1994.9,22.6,0,0.178,5.7
2022-02-18,2164.1,23.8,0,0.179,0.0
2022-02-19,2125.4,20.7,0,0.178,0.4
2022-02-20,1791.3,26.2,0,0.179,13.8
2022-02-21,1961.3,24.9,0,0.177,0.0
2022-02-22,2147.7,24.5,0,0.179,14.4
2022-02-23,2144.3,24.1,0,0.174,0.0
2022-02-24,2064.2,25.6,0,0.176,6.2
2022-02-25,2173.0,20.0,0,0.173,0.0
2022-02-26,1870.1,25.0,0,0.176,0.0
2022-02-27,1904.8,25.1,0,0.177,0.0
2022-02-28,2115.9,19.3,0,0.176,3.2
2022-03-01,2047.4,24.7,0,0.176,9.6
2022-03-02,2127.8,23.3,0,0.176,0.0
2022-03-03,2012.2,26.0,0,0.179,2.1
2022-03-04,2130.2,23.1,0,0.173,0.0
2022-03-05,1923.4,24.3,0,0.177,0.1
2022-03-06,1767.0,25.3,0,0.172,0.0
2022-03-07,2114.6,22.3,0,0.174,0.0
2022-03-08,1935.0,26.1,0,0.175,6.5
2022-03-09,2026.8,24.5,0,0.173,1.8
2022-03-10,1923.6,26.1,0,0.175,5.1
2022-03-11,2142.3,23.7,0,0.176,5.2
2022-03-12,1751.4,27.8,0,0.173,1.2
2022-03-13,1804.9,26.7,0,0.175,2.1
2022-03-14,2143.7,24.8,0,0.174,0.0
2022-03-15,2028.1,27.0,0,0.171,0.0
2022-03-16,1875.1,28.6,0,0.175,0.1
2022-03-17,1654.4,30.1,0,0.174,6.5
2022-03-18,2147.2,21.8,0,0.179,0.0
2022-03-19,1739.6,28.0,0,0.174,4.0
2022-03-20,1787.5,27.0,0,0.18,0.0
2022-03-21,2079.6,25.7,0,0.175,1.1
2022-03-22,2049.8,23.5,0,0.181,11.2
2022-03-23,1832.5,29.3,0,0.178,1.5
2022-03-24,2151.0,23.1,0,0.178,0.0
2022-03-25,1972.0,27.7,0,0.179,0.0
2022-03-26,1600.1,29.7,0,0.18,1.8
2022-03-27,2014.3,22.5,0,0.181,4.6
2022-03-28,2095.0,25.8,0,0.182,1.2
2022-03-29,2198.2,23.4,0,0.178,8.1
2022-03-30,1950.7,27.3,0,0.177,1.6
2022-03-31,1739.3,30.6,0,0.174,2.0
2022-04-01,1664.8,31.9,0,0.179,0.0
2022-04-02,1948.0,22.5,0,0.182,0.5
2022-04-03,1866.3,25.6,0,0.181,0.0
2022-04-04,1850.7,28.8,0,0.181,0.0
2022-04-05,1654.1,31.1,0,0.181,7.3
2022-04-06,1852.5,28.3,0,0.18,0.0
2022-04-07,1987.6,25.4,0,0.181,2.8
2022-04-08,1924.4,28.1,0,0.183,0.0
2022-04-09,1749.7,27.3,0,0.179,3.6
2022-04-10,1704.5,26.9,0,0.184,0.0
2022-04-11,2014.1,25.6,0,0.18,1.6
2022-04-12,1962.6,28.5,0,0.183,4.5
2022-04-13,1953.0,28.3,0,0.182,3.5
2022-04-14,1725.8,27.4,1,0.183,1.8
2022-04-15,1888.1,27.1,0,0.182,1.8
2022-04-16,1912.7,24.5,0,0.182,1.1
2022-04-17,1797.9,26.5,0,0.184,0.4
2022-04-18,1680.8,30.8,0,0.182,2.2
2022-04-19,1911.4,27.3,0,0.19,0.0
2022-04-20,2032.7,24.2,0,0.184,8.3
2022-04-21,1572.7,31.2,0,0.184,0.0
2022-04-22,1864.5,29.2,0,0.184,0.5
2022-04-23,1194.4,33.2,0,0.183,0.0
2022-04-24,1682.8,28.1,0,0.18,4.3
2022-04-25,2020.3,26.8,0,0.184,5.3
2022-04-26,2080.5,24.3,0,0.186,0.0
2022-04-27,1607.6,31.3,0,0.182,3.6
2022-04-28,1267.8,34.4,0,0.185,0.0
2022-04-29,1920.0,25.9,0,0.182,2.7
2022-04-30,1731.3,26.4,0,0.184,9.4
2022-05-01,1483.7,29.5,1,0.185,1.2
2022-05-02,2029.1,25.9,0,0.185,0.0
2022-05-03,1855.5,27.3,0,0.185,0.0
2022-05-04,1922.8,27.1,0,0.182,0.0
2022-05-05,1833.5,28.5,0,0.185,0.0
2022-05-06,1658.1,30.7,0,0.182,0.0
2022-05-07,1640.8,28.0,0,0.184,3.5
2022-05-08,1540.9,30.3,0,0.184,0.0
2022-05-09,1894.4,26.9,0,0.182,0.4
2022-05-10,1777.3,28.7,0,0.179,5.3
2022-05-11,1967.5,22.6,0,0.183,2.5
2022-05-12,1841.3,24.3,0,0.179,0.0
2022-05-13,1726.9,29.9,0,0.179,1.0
2022-05-14,1768.2,26.4,0,0.178,1.5
2022-05-15,1518.8,29.3,0,0.182,6.8
2022-05-16,1715.8,29.1,0,0.18,3.1
2022-05-17,1586.7,31.0,0,0.175,0.0
2022-05-18,1616.9,29.7,0,0.181,2.6
2022-05-19,1675.5,30.2,0,0.183,3.8
2022-05-20,1859.5,27.4,0,0.182,17.7
2022-05-21,1772.3,25.8,0,0.177,0.7
2022-05-22,1778.2,25.7,0,0.178,0.0
2022-05-23,1753.9,26.3,0,0.179,0.0
2022-05-24,1952.0,24.6,0,0.179,0.0
2022-05-25,1843.7,26.0,0,0.177,1.5
2022-05-26,1881.0,27.1,0,0.175,6.0
2022-05-27,1832.7,27.9,0,0.178,0.6
2022-05-28,1724.0,26.4,0,0.177,0.0
2022-05-29,1758.9,22.4,0,0.173,6.3
2022-05-30,1979.8,26.9,0,0.175,0.0
2022-05-31,1769.2,27.6,0,0.176,2.5
2022-06-01,1568.7,29.7,0,0.175,1.6
2022-06-02,1776.5,28.3,0,0.176,6.6
2022-06-03,1781.6,25.2,0,0.177,0.0
2022-06-04,1815.8,25.0,0,0.176,3.2
2022-06-05,1329.8,31.7,0,0.175,3.6
2022-06-06,1775.7,28.5,0,0.172,2.7
2022-06-07,1552.4,31.1,0,0.176,1.6
2022-06-08,1448.6,31.8,0,0.178,0.0
2022-06-09,1793.3,24.3,0,0.179,0.0
2022-06-10,1721.1,27.2,0,0.175,1.6
2022-06-11,1612.0,27.3,0,0.175,1.1
2022-06-12,1554.4,27.5,0,0.178,0.0
2022-06-13,1762.3,27.4,0,0.178,0.0
2022-06-14,1741.6,26.4,0,0.176,1.2
2022-06-15,1739.6,26.3,0,0.177,0.0
2022-06-16,1891.5,22.0,0,0.174,0.7
2022-06-17,1855.3,25.2,0,0.177,14.3
2022-06-18,1682.6,23.7,0,0.175,1.4
2022-06-19,1564.7,25.8,0,0.176,0.0
2022-06-20,1737.4,24.2,0,0.177,0.0
2022-06-21,1860.8,26.8,0,0.176,2.9
2022-06-22,1650.6,27.2,0,0.173,0.4
2022-06-23,1724.7,25.8,0,0.176,1.4
2022-06-24,1733.2,25.7,0,0.179,1.2
2022-06-25,1679.4,25.0,0,0.178,0.0
2022-06-26,1611.6,23.6,0,0.178,0.0
2022-06-27,1844.5,24.2,0,0.18,0.0
2022-06-28,1841.2,23.2,0,0.181,2.1
2022-06-29,1704.4,25.3,0,0.181,2.2
2022-06-30,1808.2,24.3,0,0.178,1.6
2022-07-01,1683.2,25.6,0,0.18,4.3
2022-07-02,1630.0,20.7,0,0.18,1.5
2022-07-03,1605.2,26.1,0,0.179,0.0
2022-07-04,1798.3,21.9,0,0.178,0.0
2022-07-05,1754.9,21.8,0,0.181,0.0
2022-07-06,1772.2,23.0,0,0.18,7.3
2022-07-07,1790.8,22.0,0,0.187,2.0
2022-07-08,1799.6,24.0,0,0.182,0.0
2022-07-09,1489.0,21.7,0,0.182,1.6
2022-07-10,1500.2,20.3,0,0.182,0.0
2022-07-11,1812.2,20.8,0,0.187,0.0
2022-07-12,1698.7,26.0,0,0.182,0.0
2022-07-13,1782.3,22.7,0,0.184,0.0
2022-07-14,1765.1,19.6,0,0.183,0.0
2022-07-15,1768.2,22.4,0,0.184,0.0
2022-07-16,1509.9,18.4,0,0.184,5.0
2022-07-17,1504.5,26.6,0,0.187,0.0
2022-07-18,1734.6,18.2,0,0.182,3.5
2022-07-19,1782.2,23.0,0,0.185,0.5
2022-07-20,1760.3,23.1,0,0.188,0.5
2022-07-21,1618.2,17.9,0,0.184,0.7
2022-07-22,1771.5,22.2,0,0.185,4.5
2022-07-23,1502.1,23.8,0,0.183,1.2
2022-07-24,1542.8,22.3,0,0.18,3.7
2022-07-25,1760.0,21.7,0,0.185,2.4
2022-07-26,1748.9,23.3,0,0.187,1.2
2022-07-27,1809.7,21.2,0,0.184,0.0
2022-07-28,1716.6,21.5,1,0.181,0.7
2022-07-29,1756.2,20.2,0,0.185,0.0
2022-07-30,1552.4,21.9,0,0.184,0.7
2022-07-31,1483.2,17.9,0,0.186,0.0
2022-08-01,1721.9,22.0,0,0.186,3.5
2022-08-02,1783.5,18.7,0,0.183,0.0
2022-08-03,1639.4,17.1,0,0.184,1.1
2022-08-04,1683.8,20.6,0,0.18,0.0
2022-08-05,1661.7,23.8,0,0.185,7.5
2022-08-06,1632.3,21.8,0,0.183,0.5
2022-08-07,1419.4,18.0,0,0.184,9.6
2022-08-08,1741.1,20.9,0,0.184,0.3
2022-08-09,1643.3,17.8,0,0.181,10.3
2022-08-10,1725.6,18.5,0,0.181,0.7
2022-08-11,1620.4,18.9,0,0.179,4.3
2022-08-12,1321.9,12.8,0,0.177,0.0
2022-08-13,1512.5,18.9,0,0.18,1.9
2022-08-14,1397.4,15.7,0,0.18,1.6
2022-08-15,1641.3,16.4,0,0.177,0.8
2022-08-16,1427.1,14.3,0,0.181,2.9
2022-08-17,1387.7,14.1,0,0.179,3.9
2022-08-18,1544.5,15.4,0,0.179,7.7
2022-08-19,1603.0,19.7,0,0.177,0.3
2022-08-20,1550.7,21.7,0,0.174,4.9
2022-08-21,1372.7,17.3,0,0.179,1.1
2022-08-22,1617.5,20.0,0,0.179,2.7
2022-08-23,1457.2,16.4,0,0.177,11.0
2022-08-24,1131.2,12.2,0,0.176,0.7
2022-08-25,1642.8,17.2,0,0.176,3.8
2022-08-26,1674.3,17.8,0,0.176,0.0
2022-08-27,1330.2,15.5,0,0.175,10.6
2022-08-28,1486.2,17.2,0,0.172,0.0
2022-08-29,1621.2,17.8,0,0.177,0.0
2022-08-30,1364.3,14.1,0,0.172,0.6
2022-08-31,1185.0,12.4,0,0.175,0.0
2022-09-01,1535.3,15.4,0,0.175,5.9
2022-09-02,1534.9,15.3,0,0.176,0.0
2022-09-03,1357.1,14.9,0,0.172,4.0
2022-09-04,1415.3,18.1,0,0.177,0.0
2022-09-05,1664.9,19.8,0,0.176,7.5
2022-09-06,1337.3,14.4,0,0.177,1.2
2022-09-07,1651.1,17.0,0,0.178,6.9
2022-09-08,1650.1,17.5,0,0.173,4.6
2022-09-09,1608.8,16.9,0,0.169,0.0
2022-09-10,1440.3,17.6,0,0.176,5.0
2022-09-11,1202.3,13.9,0,0.178,3.8
2022-09-12,1545.5,16.6,0,0.178,0.0
2022-09-13,1751.9,19.7,0,0.175,0.0
2022-09-14,1528.8,16.6,0,0.176,0.2
2022-09-15,1354.1,12.9,0,0.177,0.0
2022-09-16,1545.5,15.9,0,0.173,0.0
2022-09-17,1381.9,17.4,0,0.175,0.9
2022-09-18,1220.5,15.1,0,0.175,6.0
2022-09-19,1237.0,12.7,0,0.18,0.0
2022-09-20,1631.7,17.8,0,0.176,0.0
2022-09-21,1013.7,10.8,0,0.181,0.9
2022-09-22,1517.7,15.1,0,0.178,3.7
2022-09-23,1442.9,13.7,0,0.175,5.2
2022-09-24,939.1,10.6,0,0.183,9.4
2022-09-25,1311.2,16.6,0,0.177,0.3
2022-09-26,1294.8,14.3,0,0.181,3.1
2022-09-27,1117.7,10.5,0,0.183,0.5
2022-09-28,1562.5,14.8,0,0.179,0.9
2022-09-29,1226.3,12.2,0,0.178,0.4
2022-09-30,840.7,8.4,0,0.183,5.8
2022-10-01,986.6,11.4,0,0.181,1.6
2022-10-02,1184.5,13.7,0,0.179,4.0
2022-10-03,1523.5,14.5,0,0.18,0.0
2022-10-04,1333.4,13.3,0,0.181,0.9
2022-10-05,1382.7,12.9,0,0.184,8.6
2022-10-06,1525.7,13.9,0,0.182,1.8
2022-10-07,1262.1,12.2,0,0.184,0.0
2022-10-08,1489.6,15.6,0,0.187,0.0
2022-10-09,1099.5,13.0,0,0.186,1.8
2022-10-10,1427.7,13.3,0,0.187,10.6
2022-10-11,1429.1,13.9,0,0.186,0.5
2022-10-12,1170.9,9.8,0,0.181,4.2
2022-10-13,1121.5,10.6,0,0.187,2.4
2022-10-14,1551.6,16.2,0,0.185,1.0
2022-10-15,1307.5,13.2,0,0.184,0.0
2022-10-16,970.1,11.6,0,0.183,0.0
2022-10-17,1407.5,13.1,0,0.182,0.0
2022-10-18,1130.7,11.0,0,0.183,0.0
2022-10-19,1449.1,12.9,0,0.185,0.0
2022-10-20,1117.2,10.5,0,0.183,0.2
2022-10-21,1415.9,12.8,0,0.183,4.5
2022-10-22,660.3,8.2,0,0.184,3.4
2022-10-23,1341.6,15.4,0,0.186,0.0
2022-10-24,1040.2,10.8,0,0.184,0.0
2022-10-25,940.8,8.1,0,0.184,0.0
2022-10-26,1263.8,11.5,0,0.187,0.0
2022-10-27,1143.7,11.1,0,0.184,0.0
2022-10-28,1330.1,12.4,0,0.186,0.1
2022-10-29,875.9,9.1,0,0.182,0.0
2022-10-30,1152.3,13.0,0,0.185,0.0
2022-10-31,1949.7,21.1,0,0.184,2.2
2022-11-01,934.6,8.8,0,0.184,6.0
2022-11-02,1385.7,12.8,0,0.182,0.2
2022-11-03,1326.9,11.2,0,0.181,0.0
2022-11-04,1394.4,12.5,0,0.182,0.0
2022-11-05,554.9,7.5,0,0.181,0.3
2022-11-06,900.7,9.2,0,0.184,0.0
2022-11-07,1483.7,13.2,0,0.184,0.2
2022-11-08,1411.1,12.0,0,0.179,1.8
2022-11-09,1626.7,16.2,0,0.182,0.0
2022-11-10,1108.3,10.3,0,0.18,0.0
2022-11-11,1451.1,12.6,0,0.181,0.0
2022-11-12,1632.7,19.4,0,0.179,2.6
2022-11-13,875.5,10.3,0,0.177,7.4
2022-11-14,1098.8,9.9,0,0.181,20.8
2022-11-15,1426.9,12.2,0,0.18,0.0
2022-11-16,1343.3,12.2,0,0.176,15.2
2022-11-17,1671.0,14.4,0,0.175,0.7
2022-11-18,1417.5,12.7,0,0.177,6.9
2022-11-19,1052.7,10.5,0,0.175,0.0
2022-11-20,1216.3,13.0,0,0.177,4.2
2022-11-21,1807.1,19.1,0,0.178,0.0
2022-11-22,1692.5,15.7,0,0.18,0.0
2022-11-23,596.1,5.6,0,0.176,6.4
2022-11-24,1447.3,12.3,0,0.179,1.6
2022-11-25,1313.2,10.5,0,0.178,5.2
2022-11-26,1320.9,14.3,0,0.175,0.0
2022-11-27,1287.6,12.4,0,0.172,3.6
2022-11-28,1821.7,17.7,0,0.177,5.2
2022-11-29,1639.5,15.3,0,0.177,0.6
2022-11-30,1698.8,15.2,0,0.18,5.0
2022-12-01,1534.3,13.5,0,0.178,0.0
2022-12-02,1564.6,13.0,0,0.177,1.2
2022-12-03,1439.5,14.1,0,0.178,0.0
2022-12-04,1659.9,16.5,0,0.173,0.0
2022-12-05,1632.3,14.7,0,0.175,0.0
2022-12-06,1584.7,12.6,0,0.174,6.3
2022-12-07,1845.6,16.7,0,0.179,0.0
2022-12-08,1758.9,14.1,0,0.176,0.0
2022-12-09,1597.4,13.5,0,0.169,4.2
2022-12-10,1252.3,11.8,0,0.178,0.0
2022-12-11,1353.6,12.4,0,0.174,10.8
2022-12-12,1485.3,12.3,0,0.177,6.6
2022-12-13,806.1,7.0,0,0.175,0.0
2022-12-14,1847.4,16.7,0,0.177,3.7
2022-12-15,1783.3,15.6,0,0.178,9.6
2022-12-16,1621.0,13.8,0,0.177,1.1
2022-12-17,1686.0,17.0,0,0.175,0.0
2022-12-18,1573.8,15.6,0,0.18,0.0
2022-12-19,1810.7,15.5,0,0.178,0.0
2022-12-20,1025.0,8.5,0,0.178,1.9
2022-12-21,1818.3,14.2,0,0.179,1.2
2022-12-22,1859.4,16.2,0,0.177,0.0
2022-12-23,2037.0,19.0,0,0.182,6.2
2022-12-24,1763.0,19.7,0,0.179,0.0
2022-12-25,1751.3,18.8,1,0.18,6.2
2022-12-26,1574.2,12.4,0,0.18,0.8
2022-12-27,1376.2,10.0,0,0.178,3.8
2022-12-28,1973.7,17.0,0,0.178,0.5
2022-12-29,1757.3,15.8,0,0.181,0.0
2022-12-30,2047.1,18.2,0,0.182,8.6
2022-12-31,1593.9,15.6,0,0.184,0.3
2023-01-01,1745.6,16.6,1,0.183,0.8
2023-01-02,1602.9,12.4,0,0.18,0.0
2023-01-03,1886.5,17.4,0,0.183,9.9
2023-01-04,1890.3,15.3,0,0.184,0.0
2023-01-05,1972.9,17.4,0,0.185,0.0
2023-01-06,1930.2,17.8,0,0.184,3.6
2023-01-07,1716.0,16.5,0,0.181,1.7
2023-01-08,1849.9,17.7,0,0.186,6.0
2023-01-09,1882.2,17.0,0,0.183,1.0
2023-01-10,1998.4,19.1,0,0.185,0.0
2023-01-11,2148.1,18.6,0,0.181,1.1
2023-01-12,1877.3,16.1,0,0.186,0.1
2023-01-13,1950.1,16.1,0,0.183,1.5
2023-01-14,1963.0,22.1,0,0.187,0.7
2023-01-15,1898.2,17.6,0,0.188,2.2
2023-01-16,2151.7,20.4,0,0.187,3.7
2023-01-17,1917.0,19.1,0,0.183,8.2
2023-01-18,1955.3,16.8,0,0.183,0.0
2023-01-19,2039.4,16.5,0,0.183,3.8
2023-01-20,2025.7,18.8,0,0.186,0.5
2023-01-21,2030.5,19.3,0,0.186,0.0
2023-01-22,1961.4,20.3,0,0.185,0.0
2023-01-23,1863.8,15.7,0,0.185,0.0
2023-01-24,2070.1,17.6,0,0.186,3.2
2023-01-25,2209.1,18.9,0,0.186,1.1
2023-01-26,2092.2,23.3,0,0.188,1.3
2023-01-27,1821.2,13.5,0,0.184,0.0
2023-01-28,1915.2,20.7,0,0.184,0.0
2023-01-29,1878.3,18.4,0,0.18,0.9
2023-01-30,2153.5,20.9,0,0.181,0.0
2023-01-31,2132.6,18.8,0,0.182,1.7
2023-02-01,2171.1,21.0,0,0.181,5.3
2023-02-02,2146.1,24.2,0,0.183,4.1
2023-02-03,2302.5,21.3,0,0.184,3.8
2023-02-04,1927.8,21.6,0,0.181,0.0
2023-02-05,1882.9,21.6,0,0.181,0.0
2023-02-06,2155.2,18.9,0,0.18,0.2
2023-02-07,2178.1,22.3,0,0.181,5.6
2023-02-08,2074.5,20.6,0,0.18,1.5
2023-02-09,2239.0,19.2,0,0.181,0.0
2023-02-10,2130.7,21.3,0,0.181,0.2
2023-02-11,1909.0,20.9,0,0.18,15.6
2023-02-12,2020.6,23.5,0,0.181,5.1
2023-02-13,2219.2,21.7,0,0.179,0.0
2023-02-14,2314.9,20.6,0,0.179,0.0
2023-02-15,2023.6,25.7,0,0.182,0.0
2023-02-16,2066.2,24.6,0,0.178,14.8
2023-02-17,2109.8,25.5,0,0.179,0.0
2023-02-18,1972.0,24.0,0,0.177,1.5
2023-02-19,2014.8,22.3,0,0.176,0.0
2023-02-20,2147.5,21.7,0,0.176,0.0
2023-02-21,2097.8,22.1,0,0.175,0.0
2023-02-22,2110.8,25.3,0,0.176,0.0
2023-02-23,2226.9,23.4,0,0.175,1.7
2023-02-24,2211.8,19.5,0,0.175,0.0
2023-02-25,1978.4,23.2,0,0.178,0.5
2023-02-26,2037.9,19.9,0,0.175,0.0
2023-02-27,2202.7,24.0,0,0.178,0.0
2023-02-28,2158.7,20.7,0,0.176,2.9
2023-03-01,2169.0,20.7,0,0.177,0.0
2023-03-02,2175.7,24.2,0,0.174,3.1
2023-03-03,2351.8,23.9,0,0.175,0.0
2023-03-04,2020.4,20.0,0,0.18,1.7
2023-03-05,1890.0,26.2,0,0.177,0.0
2023-03-06,1885.3,29.8,0,0.177,0.0
2023-03-07,2161.0,20.8,0,0.176,0.0
2023-03-08,2011.2,29.2,0,0.177,1.1
2023-03-09,2065.3,23.0,0,0.173,0.5
2023-03-10,2122.3,23.6,0,0.174,0.0
2023-03-11,2047.9,24.5,0,0.176,4.5
2023-03-12,2055.0,21.5,0,0.177,1.5
2023-03-13,1996.2,28.4,0,0.175,0.0
2023-03-14,2142.7,26.5,0,0.176,0.0
2023-03-15,2109.2,23.5,0,0.176,0.0
2023-03-16,2182.6,24.8,0,0.176,2.0
2023-03-17,2131.1,21.8,0,0.174,0.0
2023-03-18,1912.1,24.8,0,0.174,0.3
2023-03-19,1867.0,28.1,0,0.177,9.5
2023-03-20,2149.6,21.6,0,0.174,0.0
2023-03-21,2130.4,24.9,0,0.176,8.7
2023-03-22,2136.9,26.4,0,0.177,0.3
2023-03-23,1903.7,28.8,0,0.176,0.0
2023-03-24,1940.9,29.6,0,0.179,3.6
2023-03-25,2110.3,25.2,0,0.178,0.0
2023-03-26,1979.0,24.6,0,0.179,0.0
2023-03-27,2093.2,27.6,0,0.178,0.0
2023-03-28,2169.1,25.7,0,0.179,4.5
2023-03-29,2035.7,25.9,0,0.182,6.0
2023-03-30,1830.0,29.4,0,0.182,1.4
2023-03-31,1781.2,31.0,0,0.18,0.0
2023-04-01,1732.4,27.5,0,0.182,3.3
2023-04-02,1918.5,26.5,0,0.182,0.0
2023-04-03,1988.6,28.4,0,0.183,7.7
2023-04-04,2210.1,22.4,0,0.186,0.0
2023-04-05,2072.8,27.1,0,0.182,11.2
2023-04-06,2227.6,24.5,0,0.184,0.0
2023-04-07,1524.5,33.2,0,0.184,4.2
2023-04-08,1829.3,29.1,0,0.183,10.6
2023-04-09,1869.5,27.7,0,0.182,5.8
2023-04-10,2082.3,26.9,0,0.185,0.0
2023-04-11,2156.7,21.2,0,0.185,1.3
2023-04-12,1959.7,29.3,0,0.185,0.0
2023-04-13,1650.3,31.6,0,0.185,11.4
2023-04-14,2054.5,25.8,1,0.185,3.8
2023-04-15,1786.9,29.4,0,0.183,4.3
2023-04-16,1668.2,29.5,0,0.185,0.0
2023-04-17,2082.0,23.9,0,0.181,1.1
2023-04-18,1780.5,30.1,0,0.185,1.5
2023-04-19,1728.4,31.2,0,0.182,1.4
2023-04-20,1966.9,28.4,0,0.184,2.4
2023-04-21,2039.2,27.7,0,0.186,0.0
2023-04-22,1781.1,29.8,0,0.184,3.6
2023-04-23,2050.7,24.0,0,0.184,0.0
2023-04-24,1967.4,28.2,0,0.186,0.8
2023-04-25,1738.9,30.6,0,0.184,15.8
2023-04-26,2021.4,24.8,0,0.183,0.0
2023-04-27,1825.6,30.4,0,0.183,0.0
2023-04-28,2039.4,26.9,0,0.187,0.2
2023-04-29,1936.8,22.8,0,0.185,0.0
2023-04-30,1779.9,27.7,0,0.184,0.0
2023-05-01,1970.2,25.6,1,0.181,0.3
2023-05-02,1730.6,28.8,0,0.184,0.0
2023-05-03,2064.3,25.1,0,0.18,0.9
2023-05-04,1760.4,30.6,0,0.183,0.0
2023-05-05,2015.9,26.1,0,0.18,0.0
2023-05-06,1635.3,28.9,0,0.186,0.0
2023-05-07,1835.1,26.5,0,0.178,0.2
2023-05-08,1995.3,27.2,0,0.183,2.0
2023-05-09,1807.4,30.9,0,0.182,0.9
2023-05-10,1948.9,28.5,0,0.177,0.0
2023-05-11,2005.3,26.9,0,0.179,0.0
2023-05-12,2046.0,24.8,0,0.182,0.0
2023-05-13,1445.2,30.8,0,0.181,6.9
2023-05-14,1585.7,29.7,0,0.176,4.7
2023-05-15,1868.7,27.0,0,0.177,1.8
2023-05-16,1862.8,28.4,0,0.176,2.1
2023-05-17,2084.7,25.2,0,0.176,0.8
2023-05-18,2080.6,25.2,0,0.176,0.0
2023-05-19,2053.0,25.6,0,0.181,1.8
2023-05-20,1679.5,28.5,0,0.177,0.0
2023-05-21,1747.0,28.3,0,0.176,0.0
2023-05-22,1964.2,25.7,0,0.176,10.0
2023-05-23,1661.6,29.3,0,0.177,0.0
2023-05-24,1775.0,29.4,0,0.177,10.8
2023-05-25,1875.5,27.8,0,0.174,0.0
2023-05-26,1618.5,29.9,0,0.178,0.0
2023-05-27,1729.4,26.6,0,0.173,0.0
2023-05-28,1591.4,26.9,0,0.175,0.0
2023-05-29,1797.9,28.3,0,0.176,0.6
2023-05-30,1972.7,27.0,0,0.178,0.0
2023-05-31,1733.6,29.0,0,0.174,4.0
2023-06-01,2080.0,23.8,0,0.175,1.7
2023-06-02,1668.3,30.5,0,0.177,2.5
2023-06-03,1753.0,24.9,0,0.176,2.6
2023-06-04,1634.6,26.4,0,0.177,0.0
2023-06-05,2041.5,23.2,0,0.177,0.0
2023-06-06,1853.7,28.1,0,0.176,0.0
2023-06-07,1607.6,29.7,0,0.176,1.4
2023-06-08,1712.9,29.1,0,0.177,0.1
2023-06-09,1846.9,28.5,0,0.175,2.7
2023-06-10,1764.9,22.4,0,0.179,9.1
2023-06-11,1809.4,24.2,0,0.172,2.9
2023-06-12,1814.1,25.0,0,0.174,4.1
2023-06-13,1898.4,23.7,0,0.179,12.3
2023-06-14,1786.2,28.7,0,0.177,4.6
2023-06-15,1803.4,26.3,0,0.175,0.1
2023-06-16,1808.8,25.7,0,0.178,0.0
2023-06-17,1584.9,26.9,0,0.179,5.7
2023-06-18,1756.7,23.2,0,0.176,1.2
2023-06-19,1850.9,23.2,0,0.179,0.0
2023-06-20,1936.7,23.1,0,0.178,0.0
2023-06-21,1880.0,26.5,0,0.178,0.0
2023-06-22,1955.5,26.0,0,0.179,2.3
2023-06-23,1815.3,26.5,0,0.181,0.0
2023-06-24,1706.3,27.6,0,0.177,0.5
2023-06-25,1794.0,21.4,0,0.179,2.7
2023-06-26,1903.6,23.3,0,0.182,8.1
2023-06-27,1913.0,25.0,0,0.178,2.1
2023-06-28,2009.5,21.1,0,0.178,3.4
2023-06-29,2004.7,23.0,0,0.182,0.8
2023-06-30,1846.6,26.8,0,0.182,2.6
2023-07-01,1617.7,26.9,0,0.182,0.9
2023-07-02,1679.6,26.7,0,0.183,0.6
2023-07-03,1899.0,24.0,0,0.181,1.7
2023-07-04,1904.8,23.2,0,0.189,2.5
2023-07-05,1821.6,26.3,0,0.181,0.2
2023-07-06,2005.8,22.6,0,0.182,0.0
2023-07-07,1795.1,24.2,0,0.181,2.1
2023-07-08,1611.2,26.6,0,0.183,0.0
2023-07-09,1651.4,22.2,0,0.187,0.2
2023-07-10,1935.7,21.5,0,0.184,1.7
2023-07-11,1944.7,22.9,0,0.186,2.7
2023-07-12,1935.9,24.3,0,0.184,0.6
2023-07-13,1838.1,23.8,0,0.188,0.0
2023-07-14,1872.8,22.9,0,0.185,0.4
2023-07-15,1732.2,23.8,0,0.182,0.0
2023-07-16,1637.7,18.2,0,0.186,2.5
2023-07-17,1862.7,20.0,0,0.184,0.0
2023-07-18,1874.4,22.4,0,0.186,0.0
2023-07-19,1842.2,19.5,0,0.185,8.3
2023-07-20,1783.9,18.4,0,0.185,1.4
2023-07-21,1822.1,18.6,0,0.185,1.7
2023-07-22,1553.4,19.1,0,0.183,0.1
2023-07-23,1647.1,20.9,0,0.182,3.1
2023-07-24,1710.2,18.6,0,0.186,0.0
2023-07-25,1840.0,21.6,0,0.184,0.0
2023-07-26,1750.3,25.1,0,0.185,0.0
2023-07-27,1860.3,20.4,0,0.183,1.7
2023-07-28,1819.4,23.8,1,0.18,0.4
2023-07-29,1588.8,21.2,0,0.181,0.0
2023-07-30,1518.7,17.5,0,0.186,0.0
2023-07-31,1822.2,19.6,0,0.181,3.1
2023-08-01,1822.6,17.6,0,0.182,0.3
2023-08-02,1874.6,21.9,0,0.179,3.5
2023-08-03,1724.8,16.9,0,0.181,0.5
2023-08-04,1817.7,23.0,0,0.181,0.0
2023-08-05,1622.0,21.0,0,0.181,0.0
2023-08-06,1380.7,14.3,0,0.181,1.3
2023-08-07,1845.9,21.2,0,0.179,4.6
2023-08-08,1821.5,23.0,0,0.179,5.4
2023-08-09,1657.1,17.0,0,0.18,0.2
2023-08-10,1716.5,21.3,0,0.18,0.0
2023-08-11,1457.4,14.2,0,0.179,4.0
2023-08-12,1579.9,19.2,0,0.182,3.1
2023-08-13,1273.4,14.3,0,0.179,0.0
2023-08-14,1799.6,19.5,0,0.178,0.0
2023-08-15,1377.8,13.7,0,0.177,1.0
2023-08-16,1231.5,11.4,0,0.18,3.2
2023-08-17,1777.6,18.9,0,0.175,5.9
2023-08-18,1845.5,23.5,0,0.174,0.0
2023-08-19,1478.3,16.1,0,0.175,1.5
2023-08-20,1679.0,19.6,0,0.178,0.0
2023-08-21,1673.6,17.6,0,0.174,0.0
2023-08-22,1598.0,16.4,0,0.179,6.9
2023-08-23,1813.0,18.6,0,0.176,0.0
2023-08-24,1745.1,21.1,0,0.172,0.0
2023-08-25,1450.9,13.8,0,0.175,5.1
2023-08-26,1451.1,18.1,0,0.179,1.7
2023-08-27,1592.9,17.5,0,0.173,7.0
2023-08-28,1431.8,12.9,0,0.172,0.0
2023-08-29,1740.6,20.4,0,0.176,3.4
2023-08-30,1690.7,21.1,0,0.177,0.0
2023-08-31,1473.3,13.7,0,0.177,0.8
2023-09-01,1802.7,20.3,0,0.174,0.7
2023-09-02,1520.6,16.0,0,0.175,2.4
2023-09-03,1521.5,15.3,0,0.176,0.0
2023-09-04,1781.0,19.4,0,0.177,0.0
2023-09-05,1613.2,16.1,0,0.179,0.0
2023-09-06,1619.6,16.2,0,0.175,0.0
2023-09-07,1741.0,19.1,0,0.178,0.0
2023-09-08,1654.5,18.4,0,0.175,0.0
2023-09-09,1468.1,17.3,0,0.177,0.0
2023-09-10,1072.3,11.5,0,0.174,1.5
2023-09-11,1090.7,10.9,0,0.175,1.5
2023-09-12,1626.2,17.6,0,0.177,0.9
2023-09-13,1411.1,12.3,0,0.175,2.0
2023-09-14,1514.7,14.9,0,0.179,0.0
2023-09-15,1331.7,11.8,0,0.176,0.0
2023-09-16,1375.8,13.9,0,0.178,0.0
2023-09-17,1041.0,11.1,0,0.178,0.0
2023-09-18,1788.2,18.2,0,0.177,2.2
2023-09-19,1250.6,11.5,0,0.179,1.2
2023-09-20,1412.6,13.7,0,0.181,0.0
2023-09-21,1438.6,13.4,0,0.185,0.0
2023-09-22,1684.6,16.8,0,0.177,0.0
2023-09-23,953.2,10.2,0,0.18,0.0
2023-09-24,1293.8,13.5,0,0.18,2.0
2023-09-25,1392.6,13.0,0,0.179,0.0
2023-09-26,1624.5,14.8,0,0.181,1.8
2023-09-27,1534.5,14.6,0,0.179,0.0
2023-09-28,1312.4,12.2,0,0.181,4.0
2023-09-29,1549.0,13.8,0,0.184,0.0
2023-09-30,1118.6,12.2,0,0.178,3.3
2023-10-01,1359.2,14.3,0,0.183,2.6
2023-10-02,1495.0,12.8,0,0.184,0.0
2023-10-03,1267.0,11.3,0,0.181,1.2
2023-10-04,1500.9,12.8,0,0.184,0.6
2023-10-05,1481.7,13.7,0,0.184,0.4
2023-10-06,1742.9,18.4,0,0.183,7.0
2023-10-07,1109.7,11.5,0,0.186,1.6
2023-10-08,1272.0,13.4,0,0.182,3.7
2023-10-09,1661.5,16.3,0,0.186,0.0
2023-10-10,749.0,7.4,0,0.184,5.5
2023-10-11,940.1,8.1,0,0.182,2.8
2023-10-12,1092.0,9.5,0,0.184,8.5
2023-10-13,1355.0,12.1,0,0.184,5.5
2023-10-14,1582.9,18.5,0,0.186,0.0
2023-10-15,1508.5,13.3,0,0.182,0.8
2023-10-16,1629.2,15.3,0,0.184,1.9
2023-10-17,1422.9,11.7,0,0.184,0.0
2023-10-18,527.7,6.1,0,0.188,6.0
2023-10-19,614.0,6.4,0,0.182,0.4
2023-10-20,1685.6,14.7,0,0.187,0.0
2023-10-21,1199.5,12.6,0,0.181,5.3
2023-10-22,786.4,8.9,0,0.185,0.0
2023-10-23,1629.7,14.9,0,0.184,0.2
2023-10-24,896.6,8.2,0,0.185,0.0
2023-10-25,1621.4,14.9,0,0.182,1.5
2023-10-26,1703.5,15.7,0,0.18,2.4
2023-10-27,1245.2,10.1,0,0.18,0.0
2023-10-28,928.3,9.2,0,0.186,3.7
2023-10-29,1443.0,14.1,0,0.183,0.0
2023-10-30,1177.6,9.3,0,0.181,1.0
2023-10-31,1690.1,14.2,0,0.184,0.0
2023-11-01,1048.5,9.0,0,0.18,5.6
2023-11-02,1489.4,14.0,0,0.18,0.0
2023-11-03,1386.0,12.2,0,0.179,0.0
2023-11-04,1208.4,10.9,0,0.183,0.0
2023-11-05,984.9,9.8,0,0.184,0.0
2023-11-06,1450.6,12.6,0,0.178,2.3
2023-11-07,822.4,7.3,0,0.18,19.1
2023-11-08,1472.3,11.4,0,0.181,0.0
2023-11-09,1351.7,11.1,0,0.183,2.9
2023-11-10,1589.5,13.8,0,0.174,0.0
2023-11-11,893.6,9.0,0,0.179,0.4
2023-11-12,1565.1,16.4,0,0.179,0.0
2023-11-13,1568.0,11.4,0,0.175,0.0
2023-11-14,1161.5,9.4,0,0.178,2.6
2023-11-15,1775.7,15.7,0,0.178,5.8
2023-11-16,1792.0,16.4,0,0.178,10.8
2023-11-17,1523.7,11.8,0,0.175,0.3
2023-11-18,1042.8,10.1,0,0.177,1.1
2023-11-19,1237.5,12.4,0,0.175,4.7
2023-11-20,1313.4,10.7,0,0.177,3.7
2023-11-21,1477.9,11.7,0,0.176,6.7
2023-11-22,1976.1,16.4,0,0.175,0.3
2023-11-23,1637.6,13.6,0,0.172,1.9
2023-11-24,1546.1,13.0,0,0.178,0.0
2023-11-25,1465.8,13.6,0,0.177,2.2
2023-11-26,1352.5,12.6,0,0.177,0.0
2023-11-27,1716.6,14.9,0,0.174,0.0
2023-11-28,1784.4,15.1,0,0.174,0.0
2023-11-29,1541.8,12.0,0,0.178,0.0
2023-11-30,1604.2,13.3,0,0.176,2.9
2023-12-01,2055.9,19.1,0,0.173,0.0
2023-12-02,1554.7,14.2,0,0.175,2.4
2023-12-03,1445.9,12.7,0,0.175,4.1
2023-12-04,1948.3,18.4,0,0.175,0.0
2023-12-05,1696.4,13.4,0,0.173,4.4
2023-12-06,1437.1,10.7,0,0.178,0.0
2023-12-07,1865.0,15.2,0,0.177,0.0
2023-12-08,1442.8,11.3,0,0.175,0.8
2023-12-09,1474.7,12.4,0,0.173,0.6
2023-12-10,1588.1,14.6,0,0.175,1.5
2023-12-11,1720.1,13.5,0,0.176,0.0
2023-12-12,1624.6,12.0,0,0.178,0.0
2023-12-13,1735.3,12.6,0,0.176,0.0
2023-12-14,1617.8,12.6,0,0.179,3.6
2023-12-15,1902.2,17.1,0,0.178,3.2
2023-12-16,1479.8,12.5,0,0.176,2.6
2023-12-17,1592.9,13.0,0,0.173,2.2
2023-12-18,2052.2,19.6,0,0.176,1.3
2023-12-19,1866.8,13.2,0,0.176,0.0
2023-12-20,1929.6,18.4,0,0.179,5.1
2023-12-21,2126.5,18.1,0,0.18,3.6
2023-12-22,1909.2,14.5,0,0.183,0.3
2023-12-23,1464.7,11.5,0,0.18,0.0
2023-12-24,1740.2,16.3,0,0.178,1.3
2023-12-25,1999.4,16.9,1,0.186,6.2
2023-12-26,2110.5,17.8,0,0.182,8.1
2023-12-27,2010.7,15.6,0,0.181,0.0
2023-12-28,2069.2,18.6,0,0.181,0.0
2023-12-29,2090.1,19.2,0,0.179,0.0
2023-12-30,1664.2,13.2,0,0.184,6.6
2023-12-31,1970.6,19.5,0,0.184,3.1
2024-01-01,1902.1,16.5,1,0.186,0.1
2024-01-02,1846.9,14.8,0,0.186,0.0
2024-01-03,1967.7,15.5,0,0.185,0.0
2024-01-04,2079.3,21.1,0,0.186,3.5
2024-01-05,2160.3,19.0,0,0.183,0.0
2024-01-06,1532.0,12.2,0,0.183,0.7
2024-01-07,1787.4,17.0,0,0.184,2.4
2024-01-08,2060.7,16.6,0,0.182,0.0
2024-01-09,2110.9,16.6,0,0.184,1.3
2024-01-10,2016.1,15.9,0,0.184,0.0
2024-01-11,1763.1,13.7,0,0.186,0.0
2024-01-12,2126.6,19.6,0,0.185,4.3
2024-01-13,1847.9,15.2,0,0.181,0.0
2024-01-14,1813.2,16.8,0,0.185,4.7
2024-01-15,2020.2,16.3,0,0.188,0.0
2024-01-16,2103.5,16.1,0,0.181,2.3
2024-01-17,2172.2,19.9,0,0.183,0.0
2024-01-18,2138.7,19.2,0,0.185,0.0
2024-01-19,2121.2,16.7,0,0.182,4.2
2024-01-20,1971.9,16.1,0,0.183,5.5
2024-01-21,1969.6,17.5,0,0.184,7.1
2024-01-22,2139.5,21.2,0,0.181,4.4
2024-01-23,2091.9,19.2,0,0.184,0.1
2024-01-24,2183.2,19.6,0,0.184,8.3
2024-01-25,2057.8,18.4,0,0.181,0.2
2024-01-26,2174.4,18.7,0,0.183,2.3
2024-01-27,2103.0,20.0,0,0.185,1.2
2024-01-28,1662.6,15.0,0,0.182,3.3
2024-01-29,2217.1,23.8,0,0.183,1.4
2024-01-30,2180.0,17.9,0,0.183,3.3
2024-01-31,2157.0,18.6,0,0.181,1.1
2024-02-01,2261.9,23.5,0,0.183,3.9
2024-02-02,2276.8,20.8,0,0.182,0.0
2024-02-03,2138.2,20.5,0,0.179,0.0
2024-02-04,2208.7,19.1,0,0.181,0.6
2024-02-05,2143.4,16.8,0,0.182,0.0
2024-02-06,2202.8,21.3,0,0.181,4.8
2024-02-07,2183.1,23.9,0,0.178,0.0
2024-02-08,2140.2,18.8,0,0.18,2.9
2024-02-09,2276.1,24.6,0,0.181,0.0
2024-02-10,2060.5,18.6,0,0.179,0.9
2024-02-11,2102.6,19.7,0,0.18,0.0
2024-02-12,2279.6,22.9,0,0.18,3.2
2024-02-13,2361.4,21.8,0,0.177,19.8
2024-02-14,2329.4,23.6,0,0.178,0.0
2024-02-15,2322.1,20.2,0,0.176,1.8
2024-02-16,2208.4,19.6,0,0.179,2.1
2024-02-17,1996.2,17.6,0,0.176,0.3
2024-02-18,1993.9,19.4,0,0.175,12.9
2024-02-19,2221.7,19.9,0,0.176,0.0
2024-02-20,2246.0,19.1,0,0.175,6.0
2024-02-21,2196.1,23.6,0,0.176,5.8
2024-02-22,2245.9,21.3,0,0.176,0.1
2024-02-23,2333.2,18.1,0,0.173,3.1
2024-02-24,1830.7,29.4,0,0.174,3.5
2024-02-25,2026.1,21.3,0,0.176,0.2
2024-02-26,2201.2,20.3,0,0.176,0.0
2024-02-27,2176.4,26.7,0,0.175,0.1
2024-02-28,2236.2,26.6,0,0.18,0.3
2024-02-29,2281.9,21.0,0,0.177,0.2
2024-03-01,2330.6,20.3,0,0.175,0.4
2024-03-02,2141.9,21.6,0,0.177,0.0
2024-03-03,1929.2,27.0,0,0.178,4.4
2024-03-04,2345.5,23.5,0,0.176,0.0
2024-03-05,2266.8,22.4,0,0.172,0.0
2024-03-06,2379.0,24.5,0,0.176,0.0
2024-03-07,2099.8,27.7,0,0.176,0.0
2024-03-08,2284.3,21.3,0,0.18,0.0
2024-03-09,2073.8,23.9,0,0.173,1.4
2024-03-10,2108.2,21.5,0,0.18,0.0
2024-03-11,1957.1,30.5,0,0.176,7.3
2024-03-12,1981.0,29.7,0,0.179,7.8
2024-03-13,2206.1,27.7,0,0.177,0.0
2024-03-14,2273.8,25.1,0,0.178,0.0
2024-03-15,2256.5,27.1,0,0.18,3.2
2024-03-16,2113.3,20.3,0,0.178,2.9
2024-03-17,2105.2,26.4,0,0.181,1.2
2024-03-18,2362.3,22.4,0,0.179,5.6
2024-03-19,2282.4,22.6,0,0.178,0.0
2024-03-20,2418.5,24.2,0,0.179,5.4
2024-03-21,2332.1,25.2,0,0.179,0.1
2024-03-22,2166.9,27.6,0,0.18,0.9
2024-03-23,1928.3,28.0,0,0.183,0.0
2024-03-24,1989.9,27.0,0,0.179,0.0
2024-03-25,2255.7,24.1,0,0.178,2.0
2024-03-26,2113.3,28.2,0,0.182,0.0
2024-03-27,2126.4,26.3,0,0.185,0.0
2024-03-28,1999.5,29.6,0,0.184,0.0
2024-03-29,2216.9,24.4,0,0.185,1.5
2024-03-30,2190.9,19.9,0,0.185,0.0
2024-03-31,2089.6,25.7,0,0.182,0.4
2024-04-01,1848.4,32.3,0,0.184,0.0
2024-04-02,2229.7,28.2,0,0.178,3.6
2024-04-03,2200.6,26.6,0,0.183,0.0
2024-04-04,2127.1,29.3,0,0.185,0.8
2024-04-05,2086.0,28.5,0,0.181,4.4
2024-04-06,1932.9,28.4,0,0.18,3.8
2024-04-07,1962.0,26.0,0,0.182,0.0
2024-04-08,2117.5,27.6,0,0.185,3.4
2024-04-09,2177.8,27.9,0,0.187,0.0
2024-04-10,2216.8,25.9,0,0.19,6.8
2024-04-11,2202.9,24.7,0,0.188,0.3
2024-04-12,2086.3,27.9,0,0.182,0.4
2024-04-13,1721.9,30.0,0,0.18,0.0
2024-04-14,1697.7,29.3,1,0.185,8.4
2024-04-15,1923.3,28.9,0,0.187,9.2
2024-04-16,2074.1,29.0,0,0.182,2.1
2024-04-17,1567.8,34.2,0,0.184,3.0
2024-04-18,2033.4,28.4,0,0.184,0.0
2024-04-19,1805.2,30.4,0,0.185,7.5
2024-04-20,1481.2,32.7,0,0.184,0.0
2024-04-21,2011.1,28.0,0,0.185,0.0
2024-04-22,1942.2,28.6,0,0.186,0.0
2024-04-23,1840.0,30.5,0,0.184,1.6
2024-04-24,1685.9,32.2,0,0.185,4.5
2024-04-25,2050.2,28.7,0,0.187,1.9
2024-04-26,1914.0,28.9,0,0.181,0.0
2024-04-27,1876.7,28.2,0,0.181,1.9
2024-04-28,1956.2,25.0,0,0.183,2.8
2024-04-29,1809.5,30.8,0,0.186,2.8
2024-04-30,1994.3,27.4,0,0.182,8.2
2024-05-01,2150.2,23.7,1,0.184,0.0
2024-05-02,2020.6,27.6,0,0.181,1.1
2024-05-03,2157.1,23.7,0,0.183,0.0
2024-05-04,2038.9,25.5,0,0.179,1.3
2024-05-05,1866.0,28.0,0,0.181,7.4
2024-05-06,2271.5,25.7,0,0.181,2.3
2024-05-07,1844.9,30.6,0,0.18,2.4
2024-05-08,2167.6,24.3,0,0.182,6.0
2024-05-09,1978.1,28.6,0,0.181,0.0
2024-05-10,2081.4,29.3,0,0.177,4.3
2024-05-11,1630.8,31.6,0,0.18,0.0
2024-05-12,1656.1,30.2,0,0.174,0.7
2024-05-13,1987.5,28.4,0,0.18,0.0
2024-05-14,1959.3,28.0,0,0.183,0.0
2024-05-15,2044.4,27.7,0,0.178,9.9
2024-05-16,1763.1,30.6,0,0.178,2.5
2024-05-17,2044.3,26.1,0,0.177,1.4
2024-05-18,1770.4,29.0,0,0.178,0.7
2024-05-19,1920.2,27.4,0,0.175,0.2
2024-05-20,2010.5,28.2,0,0.177,0.0
2024-05-21,2073.0,26.9,0,0.175,0.0
2024-05-22,1557.9,32.9,0,0.175,0.0
2024-05-23,1922.3,25.8,0,0.176,0.0
2024-05-24,1944.4,28.1,0,0.175,0.0
2024-05-25,1768.1,28.1,0,0.172,0.0
2024-05-26,1757.7,28.8,0,0.179,3.3
2024-05-27,2025.8,28.4,0,0.176,7.1
2024-05-28,1972.3,28.3,0,0.172,2.5
2024-05-29,1724.9,29.6,0,0.177,3.5
2024-05-30,2109.0,23.3,0,0.175,0.0
2024-05-31,1971.5,27.0,0,0.176,0.7
2024-06-01,1964.8,23.9,0,0.177,0.7
2024-06-02,1783.2,27.4,0,0.174,0.0
2024-06-03,1969.1,23.8,0,0.17,0.0
2024-06-04,2014.0,24.3,0,0.176,4.6
2024-06-05,1971.5,26.5,0,0.177,4.9
2024-06-06,1640.6,30.1,0,0.178,3.4
2024-06-07,1903.0,27.9,0,0.175,1.4
2024-06-08,1763.6,27.1,0,0.176,0.0
2024-06-09,1664.7,29.8,0,0.178,6.8
2024-06-10,2049.9,23.9,0,0.177,2.7
2024-06-11,2027.7,20.9,0,0.177,1.6
2024-06-12,2014.6,25.0,0,0.178,2.8
2024-06-13,2012.1,25.3,0,0.176,0.8
2024-06-14,1878.1,29.0,0,0.182,0.0
2024-06-15,1413.6,31.1,0,0.177,0.0
2024-06-16,1746.8,22.4,0,0.179,0.0
2024-06-17,1738.1,31.8,0,0.179,3.5
2024-06-18,1819.6,29.4,0,0.178,0.0
2024-06-19,1893.7,27.5,0,0.181,4.4
2024-06-20,2095.5,26.2,0,0.183,6.3
2024-06-21,1540.6,31.2,0,0.184,0.0
2024-06-22,1760.6,25.3,0,0.182,1.8
2024-06-23,1816.9,23.8,0,0.181,0.1
2024-06-24,2004.5,25.2,0,0.184,0.0
2024-06-25,1992.2,21.3,0,0.179,0.1
2024-06-26,1994.0,25.8,0,0.183,0.4
2024-06-27,1969.1,24.2,0,0.184,0.6
2024-06-28,2035.1,25.2,0,0.184,8.5
2024-06-29,1816.8,25.2,0,0.181,0.0
2024-06-30,1732.1,21.5,0,0.181,3.8
2024-07-01,1856.3,27.3,0,0.187,4.0
2024-07-02,1928.2,21.4,0,0.183,0.0
2024-07-03,1905.6,26.0,0,0.181,2.2
2024-07-04,1964.8,19.7,0,0.182,3.2
2024-07-05,2095.0,24.5,0,0.185,0.0
2024-07-06,1800.5,21.4,0,0.187,0.0
2024-07-07,1705.2,23.4,0,0.185,0.8
2024-07-08,1986.1,21.6,0,0.187,0.0
2024-07-09,1807.8,17.6,0,0.186,4.3
2024-07-10,2068.4,20.1,0,0.186,0.3
2024-07-11,2009.0,23.0,0,0.187,1.9
2024-07-12,2039.5,24.2,0,0.184,0.0
2024-07-13,1719.9,18.9,0,0.186,5.4
2024-07-14,1609.4,17.1,0,0.184,0.0
2024-07-15,1960.0,20.1,0,0.184,0.0
2024-07-16,1873.0,21.6,0,0.186,0.0
2024-07-17,1883.7,20.4,0,0.183,0.0
2024-07-18,1879.3,19.9,0,0.185,7.3
2024-07-19,1917.5,23.9,0,0.183,11.5
2024-07-20,1663.8,24.0,0,0.184,0.0
2024-07-21,1640.1,23.3,0,0.183,0.0
2024-07-22,1982.4,19.0,0,0.186,3.7
2024-07-23,1904.7,21.4,0,0.184,0.4
2024-07-24,1916.1,20.6,0,0.184,0.3
2024-07-25,1864.1,17.4,0,0.186,0.0
2024-07-26,1954.5,23.0,0,0.177,0.7
2024-07-27,1714.7,20.9,0,0.18,0.0
2024-07-28,1615.4,19.3,1,0.177,0.0
2024-07-29,2006.7,23.9,0,0.182,0.0
2024-07-30,2001.6,22.2,0,0.182,0.0
2024-07-31,1968.1,22.2,0,0.182,0.6
2024-08-01,2017.1,23.0,0,0.181,2.1
2024-08-02,1803.0,21.6,0,0.179,1.6
2024-08-03,1606.4,16.5,0,0.184,0.0
2024-08-04,1668.8,18.6,0,0.18,4.3
2024-08-05,1797.2,21.9,0,0.179,0.0
2024-08-06,1824.3,17.4,0,0.177,3.7
2024-08-07,1912.8,19.2,0,0.18,0.1
2024-08-08,1906.1,20.0,0,0.177,0.0
2024-08-09,1797.2,22.5,0,0.177,0.0
2024-08-10,1724.2,22.0,0,0.178,0.0
2024-08-11,1741.2,20.8,0,0.178,2.8
2024-08-12,1804.9,18.0,0,0.175,10.8
2024-08-13,1910.8,20.6,0,0.179,1.4
2024-08-14,1902.3,19.5,0,0.175,0.3
2024-08-15,1893.7,17.7,0,0.174,1.0
2024-08-16,1911.8,21.3,0,0.177,2.3
2024-08-17,1845.6,19.0,0,0.176,2.8
2024-08-18,1548.3,15.8,0,0.176,0.2
2024-08-19,1904.7,20.7,0,0.175,5.4
2024-08-20,1808.2,16.8,0,0.175,0.0
2024-08-21,1839.3,18.8,0,0.174,1.3
2024-08-22,1499.6,13.3,0,0.172,2.2
2024-08-23,1844.9,17.0,0,0.177,0.2
2024-08-24,1314.6,14.5,0,0.173,0.2
2024-08-25,1321.4,14.3,0,0.175,1.5
2024-08-26,1499.2,11.9,0,0.177,16.0
2024-08-27,1939.2,21.9,0,0.175,1.0
2024-08-28,1747.6,16.0,0,0.181,0.7
2024-08-29,1780.5,16.9,0,0.172,0.0
2024-08-30,1861.8,18.9,0,0.174,3.9
2024-08-31,1468.6,15.7,0,0.176,0.1
2024-09-01,1590.6,17.2,0,0.178,0.4
2024-09-02,1368.9,12.4,0,0.175,0.6
2024-09-03,1794.4,16.2,0,0.173,0.0
2024-09-04,1653.6,14.5,0,0.178,0.2
2024-09-05,1768.8,16.7,0,0.174,0.0
2024-09-06,1725.7,15.8,0,0.176,0.0
2024-09-07,1192.4,11.7,0,0.179,0.0
2024-09-08,991.6,10.5,0,0.176,0.0
2024-09-09,1546.1,12.5,0,0.176,0.0
2024-09-10,1798.9,16.7,0,0.179,0.0
2024-09-11,1698.6,15.8,0,0.178,0.0
2024-09-12,1735.1,15.7,0,0.179,2.4
2024-09-13,1200.2,9.5,0,0.177,0.0
2024-09-14,787.8,7.7,0,0.179,0.7
2024-09-15,1348.1,12.8,0,0.177,5.6
2024-09-16,1587.9,13.4,0,0.177,0.0
2024-09-17,1455.1,12.7,0,0.184,0.6
2024-09-18,1739.1,15.0,0,0.181,4.8
2024-09-19,1603.5,13.6,0,0.183,11.6
2024-09-20,1354.5,10.9,0,0.179,0.0
2024-09-21,1120.0,11.6,0,0.181,1.5
2024-09-22,1467.0,14.1,0,0.181,0.0
2024-09-23,1618.5,13.8,0,0.179,1.1
2024-09-24,1590.8,13.4,0,0.183,0.1
2024-09-25,1712.7,19.1,0,0.181,5.9
2024-09-26,1370.9,12.7,0,0.183,5.9
2024-09-27,1580.2,13.6,0,0.18,8.9
2024-09-28,1058.1,10.8,0,0.185,3.8
2024-09-29,1302.7,12.3,0,0.185,0.0
2024-09-30,1629.6,14.4,0,0.185,1.2
2024-10-01,1692.9,14.5,0,0.182,0.6
2024-10-02,1447.8,12.6,0,0.183,1.4
2024-10-03,1535.0,13.9,0,0.187,0.0
2024-10-04,1556.2,13.0,0,0.184,0.0
2024-10-05,776.6,8.1,0,0.185,0.0
2024-10-06,500.0,4.5,0,0.185,4.2
2024-10-07,1751.7,18.4,0,0.183,1.9
2024-10-08,1863.8,14.7,0,0.188,3.1
2024-10-09,1459.1,12.4,0,0.181,2.9
2024-10-10,970.4,8.2,0,0.185,3.5
2024-10-11,1015.9,9.3,0,0.185,0.6
2024-10-12,1522.2,15.8,0,0.182,5.8
2024-10-13,500.0,5.4,0,0.186,13.4
2024-10-14,1425.5,11.5,0,0.186,0.5
2024-10-15,1721.4,14.5,0,0.185,0.0
2024-10-16,1471.2,12.6,0,0.183,5.4
2024-10-17,1681.5,14.1,0,0.185,0.0
2024-10-18,1521.5,11.9,0,0.186,3.2
2024-10-19,1692.4,18.1,0,0.184,1.5
2024-10-20,1022.8,9.6,0,0.187,3.7
2024-10-21,980.1,8.7,0,0.185,0.4
2024-10-22,1501.4,12.8,0,0.185,1.6
2024-10-23,1693.9,15.6,0,0.186,0.0
2024-10-24,1516.7,11.9,0,0.181,0.0
2024-10-25,1705.0,14.7,0,0.181,3.5
2024-10-26,1277.4,10.7,0,0.183,5.2
2024-10-27,995.7,9.1,0,0.183,3.4
2024-10-28,1835.8,15.5,0,0.184,0.0
2024-10-29,1847.3,15.9,0,0.183,0.9
2024-10-30,1826.4,15.8,0,0.181,0.0
2024-10-31,1325.8,10.9,0,0.181,0.0
2024-11-01,1282.0,9.1,0,0.179,1.4
2024-11-02,1003.6,9.1,0,0.179,1.8
2024-11-03,1177.8,11.5,0,0.178,0.3
2024-11-04,1622.7,13.5,0,0.181,0.0
2024-11-05,1578.5,13.3,0,0.178,1.2
2024-11-06,1184.0,8.5,0,0.178,1.8
2024-11-07,1650.7,12.6,0,0.178,0.0
2024-11-08,1642.0,12.1,0,0.177,2.4
2024-11-09,1537.1,12.3,0,0.177,0.0
2024-11-10,1338.9,12.1,0,0.173,2.2
2024-11-11,1394.5,11.6,0,0.178,0.0
2024-11-12,1643.8,13.7,0,0.176,3.0
2024-11-13,1631.5,12.5,0,0.177,0.0
2024-11-14,1466.7,12.8,0,0.177,3.6
2024-11-15,1369.3,10.5,0,0.172,1.0
2024-11-16,1569.6,13.3,0,0.181,2.0
2024-11-17,1349.5,12.0,0,0.176,6.2
2024-11-18,955.3,7.1,0,0.176,4.8
2024-11-19,1673.2,13.6,0,0.172,0.0
2024-11-20,1672.8,11.8,0,0.177,0.0
2024-11-21,1951.6,14.8,0,0.176,0.0
2024-11-22,1544.8,12.2,0,0.174,0.0
2024-11-23,1410.6,12.4,0,0.176,0.0
2024-11-24,1551.2,13.2,0,0.178,0.0
2024-11-25,1714.4,12.7,0,0.175,1.8
2024-11-26,1596.0,11.7,0,0.174,13.0
2024-11-27,1225.6,8.4,0,0.178,0.0
2024-11-28,2078.7,17.5,0,0.176,0.0
2024-11-29,1357.9,9.0,0,0.175,0.0
2024-11-30,1593.9,12.2,0,0.18,0.0
2024-12-01,1710.9,14.8,0,0.176,0.0
2024-12-02,1799.0,14.2,0,0.176,0.0
2024-12-03,1868.1,14.7,0,0.177,2.5
2024-12-04,2058.0,15.3,0,0.176,0.0
2024-12-05,2053.9,16.6,0,0.177,3.5
2024-12-06,1898.5,14.3,0,0.177,0.0
2024-12-07,2065.5,20.9,0,0.176,0.7
2024-12-08,1480.0,11.1,0,0.177,0.0
2024-12-09,2017.7,14.3,0,0.179,4.0
2024-12-10,1707.8,12.9,0,0.179,6.2
2024-12-11,1743.5,12.6,0,0.18,0.0
2024-12-12,1962.7,14.7,0,0.18,0.9
2024-12-13,2140.9,17.8,0,0.18,7.9
2024-12-14,1532.0,12.4,0,0.181,7.9
2024-12-15,1471.7,12.5,0,0.179,0.0
2024-12-16,2010.8,16.2,0,0.18,0.2
2024-12-17,1967.5,15.9,0,0.183,0.4
2024-12-18,2165.1,19.5,0,0.177,0.0
2024-12-19,2163.9,17.3,0,0.182,0.0
2024-12-20,2035.6,15.4,0,0.188,0.0
2024-12-21,1660.6,14.1,0,0.178,0.0
2024-12-22,1794.2,15.6,0,0.185,0.0
2024-12-23,1962.9,14.7,0,0.179,8.7
2024-12-24,1779.6,11.8,0,0.184,0.0
2024-12-25,1925.9,15.4,1,0.186,0.2
2024-12-26,2002.5,15.0,0,0.186,2.6
2024-12-27,1897.2,15.0,0,0.182,0.0
2024-12-28,1764.2,14.6,0,0.181,6.8
2024-12-29,2000.3,20.0,0,0.181,9.4
2024-12-30,2165.2,17.7,0,0.186,1.5
2024-12-31,2167.9,18.4,0,0.184,1.4
